{
  "baseline": {
    "Random": {
      "total_revenue_mean": 466229.408715548,
      "total_revenue_std": 2509.6336280177875,
      "total_cost_mean": 9013908.705324993,
      "total_cost_std": 148246.25977168846,
      "total_co2_mean": 136184937.12575653,
      "total_co2_std": 2063732.0744133838,
      "fill_rate_mean": 0.289354872326957,
      "fill_rate_std": 0.001115021681417465,
      "gross_margin_mean": -8547679.296609446,
      "gross_margin_std": 147051.32955688253,
      "total_unfulfilled_mean": 229006.62979103494,
      "total_unfulfilled_std": 49.840998283492695
    },
    "BaseStock": {
      "total_revenue_mean": 388631.33917470416,
      "total_revenue_std": 1697.1993766860908,
      "total_cost_mean": 96597.96611479041,
      "total_cost_std": 425.75369045531886,
      "total_co2_mean": 3680958.660937943,
      "total_co2_std": 25819.389493174174,
      "fill_rate_mean": 0.24119695873769806,
      "fill_rate_std": 0.001029626073435397,
      "gross_margin_mean": 292033.37305991375,
      "gross_margin_std": 1271.5904840668923,
      "total_unfulfilled_mean": 244526.24369920362,
      "total_unfulfilled_std": 529.2107967944817
    }
  },
  "mild_stress": {
    "Random": {
      "total_revenue_mean": 466229.408715548,
      "total_revenue_std": 2509.6336280177875,
      "total_cost_mean": 9013908.705324993,
      "total_cost_std": 148246.25977168846,
      "total_co2_mean": 136184937.12575653,
      "total_co2_std": 2063732.0744133838,
      "fill_rate_mean": 0.289354872326957,
      "fill_rate_std": 0.001115021681417465,
      "gross_margin_mean": -8547679.296609446,
      "gross_margin_std": 147051.32955688253,
      "total_unfulfilled_mean": 229006.62979103494,
      "total_unfulfilled_std": 49.840998283492695
    },
    "BaseStock": {
      "total_revenue_mean": 388631.33917470416,
      "total_revenue_std": 1697.1993766860908,
      "total_cost_mean": 96597.96611479041,
      "total_cost_std": 425.75369045531886,
      "total_co2_mean": 3680958.660937943,
      "total_co2_std": 25819.389493174174,
      "fill_rate_mean": 0.24119695873769806,
      "fill_rate_std": 0.001029626073435397,
      "gross_margin_mean": 292033.37305991375,
      "gross_margin_std": 1271.5904840668923,
      "total_unfulfilled_mean": 244526.24369920362,
      "total_unfulfilled_std": 529.2107967944817
    }
  },
  "severe_stress": {
    "Random": {
      "total_revenue_mean": 466229.408715548,
      "total_revenue_std": 2509.6336280177875,
      "total_cost_mean": 9013908.705324993,
      "total_cost_std": 148246.25977168846,
      "total_co2_mean": 136184937.12575653,
      "total_co2_std": 2063732.0744133838,
      "fill_rate_mean": 0.289354872326957,
      "fill_rate_std": 0.001115021681417465,
      "gross_margin_mean": -8547679.296609446,
      "gross_margin_std": 147051.32955688253,
      "total_unfulfilled_mean": 229006.62979103494,
      "total_unfulfilled_std": 49.840998283492695
    },
    "BaseStock": {
      "total_revenue_mean": 388631.33917470416,
      "total_revenue_std": 1697.1993766860908,
      "total_cost_mean": 96597.96611479041,
      "total_cost_std": 425.75369045531886,
      "total_co2_mean": 3680958.660937943,
      "total_co2_std": 25819.389493174174,
      "fill_rate_mean": 0.24119695873769806,
      "fill_rate_std": 0.001029626073435397,
      "gross_margin_mean": 292033.37305991375,
      "gross_margin_std": 1271.5904840668923,
      "total_unfulfilled_mean": 244526.24369920362,
      "total_unfulfilled_std": 529.2107967944817
    }
  }
}