{
  "baseline": {
    "Random": {
      "total_revenue_mean": 466229.408715548,
      "total_revenue_std": 2509.6336280177875,
      "total_cost_mean": 9013908.705324993,
      "total_cost_std": 148246.25977168846,
      "total_co2_mean": 136184937.12575653,
      "total_co2_std": 2063732.0744133838,
      "fill_rate_mean": 0.289354872326957,
      "fill_rate_std": 0.001115021681417465,
      "gross_margin_mean": -8547679.296609446,
      "gross_margin_std": 147051.32955688253,
      "total_unfulfilled_mean": 229006.62979103494,
      "total_unfulfilled_std": 49.840998283492695
    },
    "BaseStock": {
      "total_revenue_mean": 352080.2622525747,
      "total_revenue_std": 1099.088687752909,
      "total_cost_mean": 84834.76270136169,
      "total_cost_std": 311.26030133503014,
      "total_co2_mean": 3016830.1734628435,
      "total_co2_std": 19290.02743308297,
      "fill_rate_mean": 0.21851256863379945,
      "fill_rate_std": 0.0007649666554408807,
      "gross_margin_mean": 267245.49955121294,
      "gross_margin_std": 790.2665601444397,
      "total_unfulfilled_mean": 251836.4590836295,
      "total_unfulfilled_std": 545.4810609309216
    }
  },
  "mild_stress": {
    "Random": {
      "total_revenue_mean": 466229.408715548,
      "total_revenue_std": 2509.6336280177875,
      "total_cost_mean": 9013908.705324993,
      "total_cost_std": 148246.25977168846,
      "total_co2_mean": 136184937.12575653,
      "total_co2_std": 2063732.0744133838,
      "fill_rate_mean": 0.289354872326957,
      "fill_rate_std": 0.001115021681417465,
      "gross_margin_mean": -8547679.296609446,
      "gross_margin_std": 147051.32955688253,
      "total_unfulfilled_mean": 229006.62979103494,
      "total_unfulfilled_std": 49.840998283492695
    },
    "BaseStock": {
      "total_revenue_mean": 352080.2622525747,
      "total_revenue_std": 1099.088687752909,
      "total_cost_mean": 84834.76270136169,
      "total_cost_std": 311.26030133503014,
      "total_co2_mean": 3016830.1734628435,
      "total_co2_std": 19290.02743308297,
      "fill_rate_mean": 0.21851256863379945,
      "fill_rate_std": 0.0007649666554408807,
      "gross_margin_mean": 267245.49955121294,
      "gross_margin_std": 790.2665601444397,
      "total_unfulfilled_mean": 251836.4590836295,
      "total_unfulfilled_std": 545.4810609309216
    }
  },
  "severe_stress": {
    "Random": {
      "total_revenue_mean": 466229.408715548,
      "total_revenue_std": 2509.6336280177875,
      "total_cost_mean": 9013908.705324993,
      "total_cost_std": 148246.25977168846,
      "total_co2_mean": 136184937.12575653,
      "total_co2_std": 2063732.0744133838,
      "fill_rate_mean": 0.289354872326957,
      "fill_rate_std": 0.001115021681417465,
      "gross_margin_mean": -8547679.296609446,
      "gross_margin_std": 147051.32955688253,
      "total_unfulfilled_mean": 229006.62979103494,
      "total_unfulfilled_std": 49.840998283492695
    },
    "BaseStock": {
      "total_revenue_mean": 352080.2622525747,
      "total_revenue_std": 1099.088687752909,
      "total_cost_mean": 84834.76270136169,
      "total_cost_std": 311.26030133503014,
      "total_co2_mean": 3016830.1734628435,
      "total_co2_std": 19290.02743308297,
      "fill_rate_mean": 0.21851256863379945,
      "fill_rate_std": 0.0007649666554408807,
      "gross_margin_mean": 267245.49955121294,
      "gross_margin_std": 790.2665601444397,
      "total_unfulfilled_mean": 251836.4590836295,
      "total_unfulfilled_std": 545.4810609309216
    }
  }
}